observation_id,patient_id,encounter_id,observation_code,value_numeric,unit,observed_at,source_system
O001,P001,E001,SYSTOLIC_BP,142,mmHg,2025-12-15T09:10:00+00:00,synthetic_ehr
O002,P001,E001,DIASTOLIC_BP,90,mmHg,2025-12-15T09:10:00+00:00,synthetic_ehr
O003,P001,E002,SYSTOLIC_BP,146,mmHg,2026-01-10T10:05:00+00:00,synthetic_ehr
O004,P001,E002,DIASTOLIC_BP,92,mmHg,2026-01-10T10:05:00+00:00,synthetic_ehr
O005,P001,E003,SYSTOLIC_BP,134,mmHg,2026-04-15T08:35:00+00:00,synthetic_ehr
O006,P001,E003,DIASTOLIC_BP,84,mmHg,2026-04-15T08:35:00+00:00,synthetic_ehr
O007,P002,E004,SYSTOLIC_BP,151,mmHg,2026-02-01T11:05:00+00:00,synthetic_ehr
O008,P002,E004,DIASTOLIC_BP,96,mmHg,2026-02-01T11:05:00+00:00,synthetic_ehr
O009,P002,E005,HEART_RATE,88,bpm,2026-03-10T17:10:00+00:00,synthetic_ehr
O010,P003,E006,SYSTOLIC_BP,118,mmHg,2026-01-20T13:05:00+00:00,synthetic_ehr
O011,P003,E006,DIASTOLIC_BP,74,mmHg,2026-01-20T13:05:00+00:00,synthetic_ehr
O012,P005,E007,SYSTOLIC_BP,139,mmHg,2026-01-15T09:35:00+00:00,synthetic_ehr
O013,P005,E007,DIASTOLIC_BP,88,mmHg,2026-01-15T09:35:00+00:00,synthetic_ehr
O014,P003,E006,SYSTOLIC_BP,500,mmHg,2026-01-20T13:06:00+00:00,synthetic_ehr
